{
  "overall": {
    "accuracy": 0.6772,
    "weighted_precision": 0.6458528101305262,
    "weighted_recall": 0.6772,
    "weighted_f1": 0.6530020287816494,
    "total_samples": 5000
  },
  "per_class": {
    "0": {
      "class_name": "Human Necessities",
      "precision": 0.7735602094240838,
      "recall": 0.7838196286472149,
      "f1_score": 0.7786561264822134,
      "support": 754
    },
    "1": {
      "class_name": "Performing Operations; Transporting",
      "precision": 0.5961538461538461,
      "recall": 0.6687211093990755,
      "f1_score": 0.6303558460421206,
      "support": 649
    },
    "2": {
      "class_name": "Chemistry; Metallurgy",
      "precision": 0.5974264705882353,
      "recall": 0.8248730964467005,
      "f1_score": 0.6929637526652452,
      "support": 394
    },
    "3": {
      "class_name": "Textiles; Paper",
      "precision": 0.6764705882352942,
      "recall": 0.5227272727272727,
      "f1_score": 0.5897435897435898,
      "support": 44
    },
    "4": {
      "class_name": "Fixed Constructions",
      "precision": 0.7142857142857143,
      "recall": 0.6730769230769231,
      "f1_score": 0.693069306930693,
      "support": 156
    },
    "5": {
      "class_name": "Mechanical Engineering; Lightning; Heating; Weapons; Blasting",
      "precision": 0.6206896551724138,
      "recall": 0.6536312849162011,
      "f1_score": 0.636734693877551,
      "support": 358
    },
    "6": {
      "class_name": "Physics",
      "precision": 0.7100340136054422,
      "recall": 0.7542908762420958,
      "f1_score": 0.7314936487078406,
      "support": 1107
    },
    "7": {
      "class_name": "Electricity",
      "precision": 0.7243532560214094,
      "recall": 0.7845410628019324,
      "f1_score": 0.7532467532467533,
      "support": 1035
    },
    "8": {
      "class_name": "General tagging of new or cross-sectional technology",
      "precision": 0.24770642201834864,
      "recall": 0.0536779324055666,
      "f1_score": 0.08823529411764706,
      "support": 503
    }
  }
}