{
  "total_runtime": 235.4722728729248,
  "model_loading_time": 0.0,
  "inference_time": 0.0,
  "preprocessing_time": 0.0,
  "total_input_tokens": 117068,
  "total_output_tokens": 2425,
  "avg_input_tokens": 234.136,
  "avg_output_tokens": 4.85,
  "peak_cpu_percent": 22.0,
  "avg_cpu_percent": 10.302553191489359,
  "peak_memory_mb": 4613.5859375,
  "avg_memory_mb": 4497.572024601064,
  "peak_gpu_memory_mb": 0.0,
  "avg_gpu_memory_mb": 0.0,
  "estimated_compute_cost_usd": 0.0,
  "estimated_token_cost_usd": 0.019015200000000003,
  "total_estimated_cost_usd": 0.019015200000000003,
  "samples_processed": 500,
  "samples_per_second": 2.1233922529376974,
  "cost_per_sample_usd": 3.803040000000001e-05,
  "model_name": "meta-llama/Llama-3.1-8B-Instruct",
  "batch_size": 4,
  "max_length": 2048,
  "quantization": "4bit-modal",
  "timestamp": "2025-10-10T12:43:15.645048"
}