{
  "total_runtime": 329.36512303352356,
  "model_loading_time": 0.0,
  "inference_time": 0.0,
  "preprocessing_time": 0.0,
  "total_input_tokens": 140365,
  "total_output_tokens": 2903,
  "avg_input_tokens": 233.94166666666666,
  "avg_output_tokens": 4.838333333333333,
  "peak_cpu_percent": 22.1,
  "avg_cpu_percent": 13.979939209726451,
  "peak_memory_mb": 3832.93359375,
  "avg_memory_mb": 3695.8660714285716,
  "peak_gpu_memory_mb": 0.0,
  "avg_gpu_memory_mb": 0.0,
  "estimated_compute_cost_usd": 0.0,
  "estimated_token_cost_usd": 0.02279655,
  "total_estimated_cost_usd": 0.02279655,
  "samples_processed": 600,
  "samples_per_second": 1.8216865054619964,
  "cost_per_sample_usd": 3.799425e-05,
  "model_name": "meta-llama/Llama-3.1-8B-Instruct",
  "batch_size": 4,
  "max_length": 2048,
  "quantization": "4bit-modal-generative",
  "timestamp": "2025-10-11T16:57:49.822930"
}